rec_id,q_gram_set
96d9632f363564cc3032521409cf22a852f2032eec099ed5967c0d000cec607a,"{'oh', 'jo', 'hn'}"
0522a55e2d5f0993a3d66d28864b2862a7218a75ea7968b075333434404485c3,"{'or', 'eo', 'rg', 'ge'}"
d38681074467c0bc147b17a9a12b9efa8cc10bcf545f5b0bccccf5a93c4a2b79,"{'om', 'as', 'th', 'ho', 'ma'}"
befa156f0283eb0062beb9b86e16a413e1cf8c5135e5518d5c4fa321ce0c7b6b,"{'ur', 'ar', 'th', 'rt', 'hu'}"
119c9ae6f9ca741bd0a76f87fba0b22cab5413187afb2906aa2875c38e213603,"{'am', 'es', 'ja', 'me'}"
10fe82adb964fa73c3c60be251181c421193f56ae01ba671974d82365a08a410,"{'rl', 'le', 'ar', 'es', 'ch', 'ha'}"
2c58b83b1c66829ff6068991644b793f6369e365b87f790eae4a40ecd9718000,"{'re', 'de', 'ck', 'er', 'ed', 'fr', 'ri', 'ic'}"
72d0166b5707d129dc321e56692fe454c034552ee9e2b38f5a7f1c1306a632ea,"{'al', 'lb', 'be', 'rt', 'er'}"
61a3c22a310f6b6328941b54bab34d646e3ccd15a67504c7403ddef7d80f0e43,"{'st', 'rn', 'ne', 'es', 'er'}"
7b2b547ab5377906300c69cd065aa48ecc143ddcd9501ef2b7c6408cc3592ac3,"{'fr', 're', 'al', 'lf', 'ed'}"
2632ec06e2c2e54a52245ffd9e5af1cb65b21a4cdb031d4e11383719cf8c0ca4,"{'rd', 'ar', 'dw', 'wa', 'ed'}"
7ee8118150e0ce023742beba6f10bf23aabbf0bc2c182f36fd1a6753cd21b4c6,"{'ph', 'os', 'se', 'ep', 'jo'}"
0a348ac4d94f9da05a7866a206ed7936ad3f5504e659ac1c814e63adfcebff81,"{'ld', 'ro', 'ar', 'ol', 'ha'}"
4007d46292298e83da10d0763d95d5139fe0c157148d0587aa912170414ccba6,"{'ro', 'ob', 'be', 'rt', 'er'}"
77646f5a4f3166637627abe998e7a1470fe72d8b430f067dafa86263f1f23f94,"{'fr', 'ra', 'an', 'nk'}"
927a3aed189d610b2e151c4208913b3ed0cb38f6be613756819b1513c8924d7f,"{'he', 'ry', 'nr', 'en'}"
df46219531cb5d522d0845901978dccfa286a5b0437f4f9cd4e485064f6b632c,"{'ar', 'ry', 'rr', 'ha'}"
4748d4c802a775e8db9a23ec58f0986cacdc5d2d3356d22c490a7d22331ff133,"{'te', 'al', 'er', 'wa', 'lt'}"
be37e56f6f6a7dfb95952a780b9be2b3b465e468c56307c143a745c3a7c681e0,"{'ld', 'na', 're', 'al', 'eg', 'in', 'gi'}"
f65cbc6391f5a2834478811d9c811b83f51fda4fc030462b9c08776fb6d78751,"{'rb', 'he', 'be', 'rt', 'er'}"
b76aefa8fe4304f650962fb4af77b4db4b13d34ac9615391126027232ec16822,"{'na', 'eo', 'on', 'le', 'rd', 'ar'}"
c604dabc9591840978d2585238a908898b22e3337b207dc722ae208eb204c291,"{'st', 'ey', 'an', 'le', 'ta', 'nl'}"
104f24e15f4dba76498bb256593dc6d95876d881ee2201ff369225b6d51e8b45,"{'sl', 'le', 'es', 'ie', 'li'}"
61bffea9215f65164ad18b45aff1436c0c165d0d5dd2087ef61b4232ba6d2c1a,"{'ri', 'rd', 'ic', 'ar', 'ch', 'ha'}"
9376a4f3fdd56078495abf7c0c58b0f5c0f36e9298e2d406690fc6bb7a908098,"{'yr', 'il', 'cy', 'ri'}"
e560f6cb8384862b7c6768ebd40f2d8f4fa52b3ab407398a463a8b7b04297b2d,"{'id', 'si', 'ey', 'ne', 'dn'}"
fe384adb7e67d54e973c65b0174e3de5d8288e483958da561d39c98ddb1cc5d4,"{'fr', 'ra', 'an', 'nc', 'ci', 'is'}"
715773c66c9347749f5921bdce502d7de7081e19d07c7b40a70f19665700d919,"{'pe', 'rc', 'cy', 'er'}"
07d046d5fac12b3f82daf5035b9aae86db5adc8275ebfbf05ec83005a4a8ba3e,"{'id', 'av', 'vi', 'da'}"
65aa4cb4c1a995486dcc932c3a11ab0cf92d36207f9eaf0cbc6409f67a661f57,"{'fr', 're', 'lf', 'il', 'wi', 'ed'}"
90cc33a41b541af2c1964e3e10a46088cbdedf63031efaa35d588a698c91193f,"{'ue', 'sa', 'el', 'mu', 'am'}"
8548d75fcb3a2a275a1ba868a36f6a26e528f16b07aa7d8006616ad090a9b349,"{'or', 'an', 'no', 'rm', 'ma'}"
9e4e5ff25a8f5c65363b8f54e10727544099de8b7c95d297e6dcff126763f982,"{'ec', 'il', 'ce', 'ci'}"
6f9edcd3408cbda14a837e6a44fc5b7f64ccc9a2477c1498fcb13c777ffb9605,"{'ic', 'ri', 'er'}"
e8032604447171cc6e65cfb98ff38ccbf9f5f9113e0cb63060533ed86ad0032e,"{'ey', 'ne', 'yd', 'dn', 'sy'}"
330f5de75f031a5cbab6916f83c6994bd2a25398dc24b76d9d33aa65b03c50c7,"{'or', 'ra', 'ce', 'ac', 'ho'}"
d0cfc2e5319b82cdc71a33873e826c93d7ee11363f8ac91c4fa3a2cfcd2286e5,"{'fr', 're', 'ed'}"
31611159e7e6ff7843ea4627745e89225fc866621cfcfdbd40871af4413747cc,"{'ck', 'ja', 'ac'}"
3dfbf1fbdbf9d2eb39e14955dcfd073792ebed8c9b97995210e70c4059be13c9,"{'wi', 'in', 'dw', 'ed'}"
dcd79ebce907b98a97ac818318c9e467731e44068412590ea34280dcadcf02d9,"{'ld', 'ro', 'na', 'al', 'on'}"
9f2a08fde416cef2158943241fee1dd8f3cca092afddef1d53ae82318e05f63e,"{'xa', 'al', 'le', 'nd', 'de', 'er', 'an', 'ex'}"
5359eec13763f1d5c49ee396739944e5bc4ca118ad681a0762f7da79e825edd6,"{'ff', 'cl', 'or', 'if', 'fo', 'rd', 'li'}"
23ddda4810068cc44360dffd31b6c5a9ad13fb9e6a69c9354a5d1b07f1b9843f,"{'tr', 'ri', 'at', 'ic', 'ck', 'pa'}"
dc814a25c3ae905ad4ba942072b101599f8e7c3617c79e3b10e9c20ca8952339,"{'na', 'rn', 'rd', 'be', 'ar', 'er'}"
34550715062af006ac4fab288de67ecb44793c3a05c475227241535f6ef7a81b,"{'ae', 'el', 'ic', 'mi', 'ch', 'ha'}"
99bde068af2d49ed7fc8b8fa79abe13a6059e0db320bb73459fd96624bb4b33f,"{'or', 'ct', 'to', 'ic', 'vi'}"
b026bccaaff344acbd5c046751242877fc311966541bc4409bac93f0a2a468fc,"{'hi', 'ph', 'ip', 'il', 'li'}"
8849853b957fe153b7056d0e7d65f99fb21070daf5122ddf1d7c942d4643c33d,"{'dg', 'ga', 'ar', 'ed'}"
4d78e62d899a4d7beea1ce3a7075e63336a7c6004828c4e318f9bfa18af222c1,"{'au', 'ce', 'ur', 'ri', 'ic', 'ma'}"
4138cfbc5d36f31e8ae09ef4044bb88c0c9c6f289a6a1c27b335a99d1d8dc86f,"{'ld', 'na', 'al', 'on', 'do'}"
997d365120369bd47e6b01b4f595a2c023502eec97c3247ff72712a0ee944c6e,"{'ke', 'ne', 'nn', 'et', 'th', 'en'}"
8ee9938e4b960a50540f1ca9299facc5a5f342d0848b402c322fd14592e4bc32,"{'nj', 'ja', 'en', 'am', 'be', 'in', 'mi'}"
a0ec927b1044a5e945fbd9cf4370b4be1bc1ebc93bca51bc37f02a8814196bde,"{'ug', 'gl', 'as', 'la', 'ou', 'do'}"
c93f1e400f26708f98cb19d936620da35eec8f72e57f9eec01c1afd64efa1583,"{'gh', 'ug', 'hu'}"
962314b7ef2f70007380c5b6700daedc6343ac6938e8241a44713e721993c0ac,"{'re', 'aw', 'ce', 'nc', 'wr', 'la', 'en'}"
bd3dae5fb91f88a4f0978222dfd58f59a124257cb081486387cbae9df11fb879,"{'an', 'el', 'ni', 'ie', 'da'}"
381d9ef64788ee4d21d61faed2e39c72d862b92d58689a9d9c991d38c6b4b315,"{'fr', 'ff', 'of', 're', 'ey', 'eo', 'ge'}"
026ad9b14a7453b7488daa0c6acbc258b1506f52c441c7c465474c1a564394ff,"{'pe', 'et', 'te', 'er'}"
f4abf6f8d15ddb734572a34df384045dcff329441c7c406a13ca4637b7e52e1e,"{'hi', 'ld', 'al', 'ib', 'ar', 'rc', 'ch', 'ba'}"
9d0c52ae7023170cf8437d8683aeee910389238e7792b12c08f04f15c305ca9a,"{'st', 'op', 'to', 'is', 'hr', 'ch', 'er', 'ph', 'ri', 'he'}"
db42328112177c2d6f2f6ca7f33c8e81084b8ff3e14202254137e22673bce2c8,"{'la', 'al', 'an'}"
e1608f75c5d7813f3d4031cb30bfb786507d98137538ff8e128a6ff74e84e643,"{'om', 'to'}"
49b191cf813fa62a2a280ca07b6812df23be3f3c2437604e7fcd2dee72f1f527,"{'lb', 'be', 'il', 'rt', 'er', 'gi'}"
59b494e72142ed8dce6dcae1774e2188787e149560742391fb78afdadd3624d8,"{'ub', 'be', 'rt', 'er', 'hu'}"
bf65266d0d8df3ad5d1b367f578e684433c4556c37548b6f5f37ce74923ee9c5,"{'ph', 'ra', 'al', 'lp'}"
267eed33dc459584a996e2cb0613d1d5cfa3c64ad6d97558f477ff74a2e5f71e,"{'st', 'te', 'ph', 'he', 'ep', 'en'}"
21aafe2f10e974a8dd7c1533b954116ff776f572fda8abf523641f33bd8e42bc,"{'ld', 'ra', 'al', 'er', 'ge'}"
6e55ee918da364900705bf2ebd7aaf273bc4743446d0bae11217d022115e7915,"{'ti', 'be', 'ie', 'rt', 'er'}"
6c725c744767e0d745901fb74154ffd59924dce57f1cb2d0137e368606bdfb62,"{'ew', 'is', 'wi', 'le'}"
d979885447a413abb6d606a5d0f45c3b7809e6fde2c83f0df3426f1fc9bfed97,"{'dr', 're', 'an', 'nd', 'ew'}"
d43b291285e6d57c077af0bff7407d6f2a70ef758a41f618150ed22f1ff85362,"{'iv', 'va', 'al', 'ci', 'pe', 'rc', 'er'}"
0c7fb88c430897c6307037f3251e855a91b708fe02e83da6c58cc646bffecdfd,"{'ra', 'on', 'nd', 'mo', 'ym', 'ay'}"
3006508c7cd78b46c20ebcb92630b43d7d1d816493e8bac9c51415c95abc93b0,"{'ra', 'tr', 'am', 'be', 'rt', 'er'}"
1e84855630913c012d541a4720d243e6d07e8131ae47ebc69c5b0e11c36e6eee,"{'ld', 'rn', 'no', 'ar', 'ol'}"
6fc6a55db549ad36c51e42dbc67601522d25e702cd3e6af194e03b66ccb157f3,"{'un', 'mu', 'dm', 'nd', 'ed'}"
a7a8a3d9836180a0cdfd51c30239a40f087c9713e7d759b8b565c9e559ad806a,"{'cl', 're', 'ce', 'nc', 'la', 'ar', 'en'}"
5f16795c54ab7de419edf8e9c6da6065f7dd448f122fcbc9815c67daa566ba8e,"{'ui', 'is', 'ou', 'lo'}"
e48ab497fec901124d76fde10fbf7fda89b945a84ba99e8b9cf8de590f211a1b,"{'iv', 'or', 'vo'}"
9f45aa99ad9ab5c822155c4a44f9d64d010faeaea76468a939d2d4f046e340bd,"{'ro', 'an', 'nd', 'la', 'ol'}"
6201eb4dccc956cc4fa3a78dca0c2888177ec52efd48f125df214f046eb43138,"{'ar', 'rk', 'ma'}"
9fe93417853739c1c18c2e8b051860d1a317824f1aa91304d16f3fe832486f7a,"{'or', 'go', 'on', 'rd', 'do'}"
c857d09db23e6822e3600bc06ad8d58f92ed62bc8efd81c753f77048662cb97d,"{'cl', 'de', 'ud', 'la', 'au'}"
68be7550846ecd878947b4eb0ac13d3cca3cf6c4940c94d90163e0a15e947203,"{'tt', 'at', 'he', 'th', 'ew', 'ma'}"
b6f8d434a847fb0f0c1a8d9b936b8ca952e224f205a55f4ba9b2c20f88fdc9e7,"{'ti', 'in', 'ar', 'rt', 'ma'}"
7b443e7a5d6f7b0b3b700b540cd46338be7808dfc815acf83a9e80111c4bdd97,"{'ne', 'el', 'on', 'io', 'li'}"
bb647e29b34334079a9d553184f6cb58abd93182f8a4f7e95caf4bea0c2b2171,"{'ni', 'nn', 'de', 'is', 'en'}"
ae74f72d212fb9871302a2459aeaf7b20bc2f792e4852be648a7d4e63967d9b1,"{'va', 'an', 'ev'}"
51d3ba50d3e136bc03ca019303427831f4f49d88b775b4a529685533c8ce0e65,"{'ec', 'or', 'ct', 'to', 'he'}"
58f4abdca6bcb7c8c47c42c2d33d8679cb82d75713e00b70984a902a1b447d66,"{'ec', 'al', 'le'}"
502913bfdd49eab564282dff101e6d167321237eeec66eedb2a438ed80fdeaa0,"{'an', 'on', 'nt', 'ny', 'th', 'ho'}"
5fd726bc56c3e86906cba8814a9b97d97f2ab209c48d2441ca5ac9e52b09e630,"{'la', 'al', 'll', 'an'}"
7dfef7aed2105b7eceb4d34e1ad84fdad4693bd5de041e1b47079efeb6001a83,"{'iv', 've', 'li', 'ol', 'er'}"
b8746e3fc5eb4f3db7a73acbcb68c250d73d998ac6a12933365aff9bcb53028d,"{'en', 'we', 'ow'}"
1934d8bfaed57f11f8af9175540fce4b2ff0492e6b258e73ae2f16bc8c339d4c,"{'rd', 'ow', 'ar', 'ho', 'wa'}"
4c1001c251c1c923bca00789638afb17e908d526bf3e9975407c65d2b03f4b10,"{'in', 'co', 'ol', 'li'}"
21c584f66fecc9174a94f4b7f8c0978a43f8e77998ba9901ff8e6d55a91ef80a,"{'or', 'ri', 'mo', 'is', 'rr'}"
79aef731091472c4395b63b32b2c00c919b9d9538dc1c990381cc8c4609fe9f8,"{'is', 'de', 'ni', 'en'}"
fb1f4423452af270e30212dbc81a51aa39588ee5f742b177d4834f4c2dfd0531,"{'re', 'ce', 'ur', 'nc', 'la', 'en', 'au'}"
3f2e23b2ee1991da34bdc689a44a229d1b64f3b617d6569ffb6e19f760acfded,"{'je', 'es', 'se', 'ss'}"
d0784c6b1785dcd474688d46b1fe99792ff66f6b56bebf26dda0c08516bac22e,"{'ia', 'll', 'am', 'il', 'wi', 'li'}"
a59b1da0739609cfd823420304bebb268693eade4ff3e1269fce24548c301240,"{'ro', 'oy'}"
65c3f75641b22925c737ca657b126cd68c39e423349d43031cf9a3b9a18cee1f,"{'ce', 'nc', 'nt', 'vi', 'in', 'en'}"
579651b0d574971040b531b66efbc5e607b677aa0d2633ec9eca376020ad8b3d,"{'si', 'il', 'ba', 'as'}"
0357513deb903a056e74a7e475247fc1ffe31d8be4c1d4a31f58dd47ae484100,"{'pa', 'ul', 'au'}"
5d19115b2691291d373573fb347c57d65882836bcda5e3d8d6768e59a6311904,"{'hi', 'ph', 'ip', 'il', 'll', 'li'}"
eeac7816005ff0bde67004b95a5563844d60901f3db3baaafc62ac4e850e08de,"{'or', 're', 'ev', 'tr', 'vo'}"
1b6d6d8b061bfd142b6f12e7d1bc1dc3f68ce57a1b2e4b5dce1f7d376ae2161d,"{'de', 'ek', 'er', 're'}"
f45061436f0ba676be99f099299eb082df9a0cac60b1bbaa292d5efeb16db73c,"{'sm', 'on', 'de', 'nd', 'mo', 'es'}"
f3fe5a51a2be8c6dc715028858fcba82ee021be7687e4f95b45086b8ffb1a23f,"{'br', 'ia', 'an', 'ri'}"
d5a71329e19621cd0ec50409bfdbd453be038c5aeab1ae5c1613a11e93344b4e,"{'te', 're', 'ce', 'nc', 'en', 'er'}"
2af4c646c9969d2260615b414f63ca1c909c225d482cff1ff5261b3bd1bce770,"{'ri', 'de', 'ck', 'rr', 'er', 'ic'}"
b54a95127a4b573f41e335fdbd339dcc2208fbfb1ae0b6fab7599d6e2d6ec754,"{'ia', 'an'}"
a4e463d7dec930ea7f5a7d92fc3b798a167c7c206438739d4c82d96d5ebf2cfe,"{'ke', 'ei', 'th', 'it'}"
863498dfa3f35f634f532b3cab89b0f8b6baaf9a2a94722c52ca2ef44377efc2,"{'oh', 'mm', 'me', 'am', 'mo', 'ed', 'ha'}"
fa7c171ac94aac19ab64b4e84469f6956f9d89fe62fdf657b9323f34f83eee44,"{'ra', 'am', 'ah', 'gr', 'ha'}"
cd0b9452fc376fc4c35a60087b366f70d883fc901524daf1f122fbd319384f6a,"{'iv', 'an', 'va'}"
7d1daa47a549d00c204bd361cd458f16c18a97257fd56a308f15e291018e890f,"{'lm', 'al', 'ol', 'co', 'lc', 'ma'}"
5a9cea259640cac7ec4428c3d584606845c2cb0d6c353252c6487b2cc0be6653,"{'ry', 'ba', 'ar', 'rr'}"
0bcf62b62f026b799d6245fc98591b58f6428db3a828303791f135360461d4ca,"{'br', 'an', 'ry', 'ya'}"
4387134784cf3aa4245b7fcf4ac045d0a449524e98ba5dab4955ff4631e89df9,"{'ro', 'og', 'ge', 'er'}"
e5d3b05fb3d3659a41f3aeb916282b5edd5863cab50b34f4c7561f5678a156f0,"{'cl', 'iv', 've', 'li'}"
27652cad4994c0cc628413940eeb56600c86cfc35447c3c775d67610bb27aa61,"{'ab', 'bd', 'ul', 'du'}"
287782ef42356ef3d6551590f1ef0117b71d876df0f9b3eb58d088864770c74c,"{'ro', 'in', 'ob', 'bi'}"
2d8f65dd1823032650f1686443c0659e646d63907bb25ffd73383ea070bd76ec,"{'ne', 'ev', 'le', 'il', 'll', 'vi'}"
a459891617d735655dcfed3e37db66fa07f0175866ebf35f9de8ccc59c0840bb,"{'fr', 'ff', 'je', 're', 'ey', 'ef'}"
3af64261eb2be1ae51ca42681ac0ee3d813360c72696c7f0b33f3403ab3e4310,"{'ba', 'ri', 'ar', 'ie', 'rr'}"
217e277faa6097b07f6cd54639cb572773b994643555969fbed19e99e2e8348c,"{'st', 'ro', 'to', 'on', 'oy', 'ys'}"
4bbfa1f1b0462b4844b74c34fdd297aba2a82ac2355e64308578f5acf1f5e8bf,"{'il', 'ne', 'ei'}"
1f52f85774b71b2e058195d7da19946327faafd980c0b686dee20c10ca358d8e,"{'no', 'el', 'oe'}"
3dffc72a72e95ac3fb42f674a88ee9f5785075be0f4683dc7f29187268762bfa,"{'ro', 'ey', 'ne', 'dn', 'od'}"
7deead025aea61ac476bb9bb0d13b57a7306b15adea59c1f1b74e6f0abdaf7ad,"{'st', 'ua', 'ar', 'tu', 'rt'}"
85f5e10431f69bc2a14046a13aabaefc660103b6de7a84f75c4b96181d03f0b5,"{'ke', 'in', 'vi', 'ev'}"
ac104ff596d79b3a890e851b9f80fdc4c0690ea00c5bb9a28e3d80a7f680cad6,"{'ni', 'ig', 'ge', 'el'}"
c23ad6f18412014673b2d04794ca038ef6767fe94afe408dffb775362fe07e68,"{'dr', 'ia', 'an', 'ri', 'ad'}"
a6b70a8a5074fc12ed70d61d05fffa30a5bec120ed140cf009b8a6302328360b,"{'ch', 'as', 'la', 'ni', 'ol', 'ho', 'ic'}"
193d3043e029a9f9fbac4f4aaad437edc2c5837719c5cc5f49939573baf78760,"{'ti', 'hy', 'mo', 'th', 'im', 'ot'}"
4e19271e616e620ba8e69c61f631b710413eaf52ed90764a43b09f66d72745c3,"{'el', 'lv', 'me', 'yn', 'vy'}"
d93feaf8c84752d0b9b2fea5f92c86f1b95357f5cb18ba59121fe08bcb4c0b16,"{'te', 'ry', 'rr', 'er'}"
17fc19d5d0ffa46dbe6a1c7c57e969aa6d5760544d96d5f2b0e96a1f66c7ea4b,"{'br', 'uc', 'ru', 'ce'}"
21dfc18dd04cd6a356e2f1e36e8285bc060a5d589d3ac707e56ac9654903b589,"{'ar', 'ry', 'ga'}"
e9e326d5f3b4741fe5967b5f9f3997e6275331ba18567ef9ef9e0e3a00e78371,"{'on', 'to', 'ny'}"
c7c084318b6f1bece6f74ffce1ea53596070345272dee8040037497c7d4cbffe,"{'st', 'te', 've', 'ev', 'en'}"
628612b803c647a7de70f0306c6bbc489d8b75e6ffef150b70a1553a5a7abbeb,"{'na', 'an', 'on', 'th', 'at', 'jo', 'ha'}"
0a5d17d3b19f82f8340d3977609aa9e86b4ad8b9bd71bd9eced9271f1d5b2e4a,"{'si', 'mo', 'on', 'im'}"
73ecb4b9d82c620a68d517119881d21eaaf808307da44ea47836893e551f9d51,"{'je', 're', 'em', 'my', 'er'}"
7ec1e185943e985ef632fc67ba6c6442aa7cf4ad3a73294daceea5a385027815,"{'yn', 'ty', 'ar', 'rt', 'ma'}"
1763517219d2d492f2b40914cd2a8185e643da55f0bcbcf001d0166568ba20f1,"{'ra', 'er', 'rd', 'ar', 'ge'}"
3c3d59eef3ccd862ab27fbbbee31de43eee1c68a2ee4f3c8f265efb622532c25,"{'ar', 'ry', 'rr', 'ga'}"
4e04d109a3a7a0460ad2dfd95a4f0faa145f3249bee9f371f8204d16c01d4921,"{'oh', 'mm', 'am', 'mo', 'ma', 'ad', 'ha'}"
a018ae7f594651fa2fd9ebb2be6a655c28436dfe8984d71aa1e819d92ff83ae8,"{'re', 'et', 'ar', 'th', 'ga'}"
575e500ddb529cc2e5b14dd6e7feb389a8b6e0d7c2b162b6bf31831c64d23592,"{'oh', 'me', 'am', 'mo', 'ed', 'ha'}"
fc4fe1af2b46813efc38e648f02a24edc639c0ae14d0214fec1335445728c383,"{'st', 'te', 'ar', 'rt', 'ew', 'wa'}"
0d05845a31cfa01390dee7a91fb7c8ee2590fcee7875fa9a80583e307f10e4f7,"{'or', 're', 'go', 'eg', 'ry', 'gr'}"
ce0fee7e61f9c74f1110f0e5940a80b4f059f189217d0c3d26bb41960d4bf597,"{'ia', 'an', 'ul', 'ju', 'li'}"
00f1169d141c596f3c4d918cda031fc0fe8077abaae478ef1e1baefe4441a597,"{'nn', 'en', 'gl', 'le'}"
2438ec1b751d071979589d45f4f5d9d9697ade8f1fb474ae21898d16f52110d4,"{'an', 'to', 'on', 'nt', 'ny'}"
2d1d92b1f4cc7fd3ef215da88c2826ab3ec2ced95b388b395b658c41b349c90e,"{'ea', 'an', 'se'}"
69bfe1e6e44821df7f8a0927bd7e61ef208fdb25deaa4353450bc3fb904abd52,"{'rl', 'ar', 'ca'}"
a982c97d452cc71fde02409d6e6a623220c882930c3c13ab7733e61bc9870b6c,"{'wa', 'ne', 'yn', 'ay'}"
91184a0dd41538c632dabb7326beb5f4e1cf5d35664a8651bcb8935f2876426d,"{'au', 'sh', 'un', 'ha'}"
f89767726a7827c6f785b40aee1ca2ade74d951d6a2d50e27cc0f0e5072a12b2,"{'ea', 'de', 'an'}"
1508b697895abf03d55c3841f59236ab92c9ba6ba89795c8337fcf392fdee8b4,"{'le', 'ee'}"
ec87d0e0735ce8d20ddf792630a066ab99a7e3370281adc2eba9c3192033ff7f,"{'el', 'ru', 'se', 'ss', 'us', 'll'}"
c157a0b0d40f9d9506c72fae584069d1692b816da16cd76c648d5761c588057a,"{'ai', 'cr', 'ra', 'ig'}"
c31a690b528b81ac710a80d6137285dbc96d2472ce04d31f444717ac72d38183,"{'rl', 'ar', 'ka'}"
27223b82963b3a8fea8429d8c46226e7060b180ba68f3914b51ccc119143ef65,"{'re', 'en', 'ar', 'rr', 'da'}"
f7f376a1fcd0d0e11a10ed1b6577c99784d3a6bbe669b1d13fae43eb64634f6e,"{'da', 'ad', 'am'}"
a48fdf8507eb98e7b05aa143a93cbad2c6a5db3e18cfd3a51b9dccb7bf364108,"{'an', 'nc', 'un', 'du', 'ca'}"
d64a079c4e07a0034e522ff62e9e7ad1d7bed52044aa2def17349908e15b46bb,"{'ra', 'ae', 'me', 'em', 'gr'}"
3379feb6ae9fed3b989470c591c5aa7ec00269580b84f1737c9e63202645e4b2,"{'gu', 'uy'}"
06b9a6eacd7a77b9361123fd19776455eb16b9c83426a1abbf514a414792b73f,"{'so', 'on', 'ja', 'as'}"
d90be14281bdc9f703f9bcf4b45ed58fce77123338df7df7fa7acdf0356bc340,"{'ai', 'in', 'ia'}"
e546cabfbd6682c1c1af2af956300910a1a20a2afcde2467807f0099ed290583,"{'in', 'av', 'vi', 'ga'}"
d16aed0a483a21d695fe5e210da62adec78c21631b5be5ff837e9fbedf2e6241,"{'om', 'ni', 'in', 'mi', 'do', 'ic'}"
12a303c224c250d07c81691de6e0fd74699ce6bd78c234057de70413a58457cf,"{'tt', 'sc', 'co', 'ot'}"
e7a4477ec945697c1003e467ec7b8fc2c485d90453882a203c08956d377d8cbd,"{'am', 'ie', 'ja', 'mi'}"
102cf10b5286bad9fcfe5e275ace3ddd7dcc23931fb0ca93dc223daf9877cabd,"{'st', 'ti', 'ju', 'in', 'us'}"
df59c257785d70706a411e70e123aff2844d6d57eb19f3a071afc8e019f5f2d8,"{'st', 'ti', 'ia', 'is', 'hr', 'ch', 'an', 'ri'}"
4697c20f8a70fcad6323e007d553cfe05d4433f81be70884ea3b4834b147f4c1,"{'ar', 'rc', 'ma'}"
d2653ff7cbb2d8ff129ac27ef5781ce68b2558c41a74af1f2ddca635cbeef07d,"{'na', 'an', 'at', 'th', 'ha'}"
720036c8101f751b82cdba6e74fbd217419a2d478dd49f6d7ba6697ed3810ece,"{'ia', 'an', 'am', 'mi', 'da'}"
b4b568ab61e07150322fff327765e9c9df03aca5197f14b416e30ce6a9c4ad3b,"{'sh', 'ne', 'an', 'ha'}"
d7ae9de750a5640adf6e724d72643767faa73bca2941781dae9d276ff2d4b4ca,"{'us', 'cu', 'rc', 'ar', 'ma'}"
90f0528c6435cc197997a13bf5b8e5f8ba0b8db20f9a55cfbc9172d959fdf616,"{'en', 'gl', 'le'}"
e0e3a2b6471d044a53a7757994b51dd33c6b3ec90e1aca21cebc8e2ae79d6d9b,"{'an', 'ry', 'ya'}"
42883de235c26da7b7727177d4a1f7cc727acea1dba4641520322e5080f255b9,"{'at', 'he', 'th', 'ew', 'ma'}"
1534cf2af76ecd84b803010b700287c00446599c68e8d81befa9c569f03e64dd,"{'eo', 'on', 'le'}"
4cefa6b13a8f592f55bfd46b3719f879859c3eb348e20fe34ab86bcb5cb2ca27,"{'tt', 'br', 're', 'et'}"
cccf52f3d03c5072ee64a136f74fc56b27e04f15ffe5d1d277d58ab18d94b327,"{'ke', 'uk', 'lu'}"
21b37af13efb41d20fdbb658ea6dba140408c5b4bfc935fde6c064e3d6417101,"{'gh', 'ei', 'ig', 'le'}"
6700869c8ff7480e34a70a708b028700dbaa3a033b5652b903afe89f49a31456,"{'be', 'en'}"
c64975ba3cf3f9cd58459710b0a42369f34b0759c9967fb5a47eea488e8bea79,"{'ey', 'sh', 'as', 'le', 'hl'}"
39fdbdb8ddf75a006ffec2a3ba95c3a04ce5517c608a786ef9a042af9843bd8c,"{'ro', 'aa', 'ar', 'on'}"
f73137d930c31d188d901d57d78c13c88458d61600d1355d28c8841d590a6d69,"{'am', 'ia', 'li'}"
fbd8dafe1f79f47371dd79d334d9a6c1aaab28c14b9533417462629d576639f3,"{'ro', 'os', 'ss'}"
e96e02d8e47f2a7c03be5117b3ed175c52aa30fb22028cf9c96f261563577605,"{'am', 'sa'}"
678411328e6fde36bdf5505a031adcf0aec5597ca1a80b74ec4205b863485134,"{'ic', 'ck', 'ky', 'ri'}"
304528b7f627f4d57e2f066ea2a96602caecdb8ee424445f5e9e626435b5cb5a,"{'le', 'al', 'da'}"
fc52fabe94c0e037d2df4498e87481a6438960c9f73d517584a7a5c564535ac4,"{'sh', 'ua', 'os', 'jo', 'hu'}"
4135aa9dc1b842a653dea846903ddb95bfb8c5a10c504a7fa16e10bc31d1fdf0,"{'al', 'ex', 'le'}"
668e2b73ac556a2f051304702da290160b29bad3392ddcc72074fefbee80c55a,"{'ny', 'an', 'nn', 'da'}"
a7e31aa22c6106301d370017e683e3dad6097b4b7b2484becf3e1a2d23261939,"{'ra', 'an', 'ki', 'ie', 'er'}"
0109df3bfbae1a4b6b6de4d96a49b95be66cc1915a621bb6fd576d6b6cca7741,"{'dl', 'br', 'ra', 'ey', 'le', 'ad'}"
136c67657614311f32238751044a0a3c0294f2a521e573afa8e496992d3786ba,"{'or', 'an', 'rd', 'jo', 'da'}"
84f1bc54796086737e52fb3a28d3f7e33d030be3620594f315853c8aa40823b0,"{'en', 'am', 'ie', 'mi', 'da'}"
cdf30c6b345276278bedc7bcedd9d5582f5b8e0c1dd858f46ef4ea231f92731d,"{'ke', 'ja', 'ak'}"
cc0b8a95a883bc0b5f64a536de42349e0ce0673918a3c446255ddc8354887140,"{'or', 'nn', 'on', 'no', 'co'}"
4d1c39dbb90939fbd720474946b9450ae04743157c7b32af2eb643699ce4b23b,"{'um', 'al', 'll', 'lu', 'ca'}"
c35d6aaf3b3885dfc9f36cddf48a65e93a919e13165fbbcfc0f9de5636279559,"{'co', 'ob', 'ja', 'ac'}"
bb44bf07cf9a2db0554bba63a03d822c927deae77df101874496df5a6a3e896d,"{'yl', 'ky', 'le'}"
78675cc176081372c43abab3ea9fb70c74381eb02dc6e93fb6d44d161da6eeb3,"{'jo', 'oe'}"
b8343687cb54220760456250ade0d07e13d17c34a1e68f3dd45dd8279fea2ccf,"{'ec', 're', 'ce', 'ee'}"
4a88e6b62dfbed0ec830f7c79d661132fa0319c62cb1b3f6a346138715a26d66,"{'ys', 'rh', 'hy'}"
b9dd960c1753459a78115d3cb845a57d924b6877e805b08bd01086ccdf34433c,"{'rl', 'li', 'ar', 'ie', 'ch', 'ha'}"
e66e9a769d159582cda9c0da24247e36340045a7c340ec59dcd63c0b61cc95cc,"{'ro', 'me', 'on', 'am', 'er', 'ca'}"
13a8c9370f75bea9633c30f8ca15a4a92f4835353760aa758b8ae32657f3fd66,"{'or', 'no', 'co', 'on'}"
01e76a28977874f8b72265d0d39fa47c4105083556013f84ded1dad7798d01f7,"{'el', 'io', 'll', 'li', 'ot'}"
9baf3a40312f39849f46dad1040f2f039f1cffa1238c41e9db675315cfad39b6,"{'ax', 'ma'}"
8529ab6899015263573df683e57a9de269d60d38f9a5493152e1f53e8c5c2730,"{'tc', 'it', 'el', 'he', 'll', 'mi', 'ch'}"
47798d12ae31ce5a6d9c9dddec7bc9f2a27fffa424b7f2a154fa0e26690972de,"{'bi', 'il', 'll', 'ly'}"
a6761ccff1191f3ee53acada4f7965241538511ef6eb52d37974507ab5a9023e,"{'el', 'jo', 'oe'}"
386a85d8c88778b00b1355608363c7e3078857f3e9633cfd0802d3bf1c0b5b83,"{'sh', 'jo', 'os'}"
c0e7aec81a1a194e9f54f6b297f6544041188c741ae8f55c2133b5c510a7dc1d,"{'la', 'yl', 'an', 'dy'}"
0f9c00b3f38f964ee172095f50e53fe9b9e01bd0e1a9f750d877bd26a84ffe18,"{'tt', 'el', 'io', 'll', 'li', 'ot'}"
fdb7d5c701a3b4a9981e98fd486d22b51b51f2e91605540e57081d440573c009,"{'br', 'ra', 'an', 'on', 'nd', 'do'}"
a10089eeb0bd6b43905befa8a6382ab245c0243437d73b340c2594b93c420ca8,"{'by', 'ob', 'to'}"
61ad53675c7d94469255c6dd4f63c280a59b7d0984df5b7aa2fe5f48a3b5e023,"{'ec', 'cl', 'an', 'la', 'de'}"
bfef4adc39f01b033fe749bb5f28f10b581fef319d34445d21a7bc63fe732fa3,"{'ja', 'ay'}"
6915771be1c5aa0c886870b6951b03d7eafc121fea0e80a5ea83beb7c449f4ec,"{'ar', 'ry', 'ma'}"
f902def4855ca65edd49983167186a7d9e9ea3386078ef59ce92970d291b2b8e,"{'or', 're', 'ce', 'nc', 'fl', 'en', 'lo'}"
f0b2481d6b24d018036a9e3d03c97b1d9e4b466b017dde25cb9c6a00fadaac11,"{'or', 'ri', 'is', 'do'}"
4cfbf05e4493d17167dbd8ae46b1248d3f3b41ff517bcf60b25bff8a5b206f8c,"{'di', 'it', 'th', 'ed'}"
e5a726a3cf969c027e9734910739b05d0109a6cda58f86efe6bc1791384dca65,"{'ro', 'or', 'hy', 'th', 'do', 'ot'}"
71be92cbdfe91357146afad81827a981ec58f5a3e69e9bd4527acd74b1927938,"{'an', 'ni', 'ie', 'nn'}"
522ce7057fd0523adcd6672db24bb671d09d1ffa2f1e7c97c13e6c68ae6fcb13,"{'re', 'rg', 'et', 'ar', 'ma', 'ga'}"
2bd806c97f0e00af1a1fc3328fa763a9269723c8db8fac4f93af71db186d6e90,"{'ic', 'al', 'ce', 'li'}"
b54f08623ae4039f55bcecba4961037fb4513d2ba9cb2b0667c5db970ac94911,"{'ab', 'iz', 'be', 'el', 'za', 'et', 'th', 'li'}"
fd188ebac81a2862c23d2db9a3a7fe0c946bacc0c6f18270044afc535f2ae623,"{'si', 'ls', 'el', 'ie'}"
ee3b2b0bd449adb75d34ff6342aa196a9918aa6b0d3fbaf247ec4f34c564ea84,"{'dy', 'gl', 'ys', 'la', 'ad'}"
dc12c6b02a8d37bb3086fb81b55cca06204a6477d492894b5f9041d82fd6ddc1,"{'fr', 're', 'ni', 'if', 'in', 'wi', 'ed'}"
3744b050e6812939093fef46470e6394e02be71aa05cf21e81d22a46e1d1277e,"{'he', 'et', 'el', 'th'}"
3a40307eaa91394d484894a87467617d25c6afa62237bcdaa80385d70984e5ab,"{'hi', 'il', 'ld', 'da'}"
6bc6a8553bbe7c8d3f48eddeffc6c128f2e57b1404bc68371d2622ac003035b1,"{'il', 'ia', 'an', 'li'}"
254ac4523be56a1a724c4cd50437cfe343f0b4403d1c5a4def8ee8ce3259b9ad,"{'iv', 'vy'}"
22d2084f01936c564e690d170959976647b46c843bcb313ff7312fc169dc889c,"{'le', 'io', 'et', 'ol', 'vi'}"
a5762cbe2b09c01700a26ba4a6335c03088e8715d6cd354fbb933ca7f0d84698,"{'ka', 'hl', 'le', 'at', 'th', 'en', 'ee'}"
7975b4132aaa77d75069a5d2ab3c501413eb91d11d046815158103d5628d7405,"{'el', 'll', 'en', 'le'}"
40903c59d19feef1d67c455499304c194ebdec82df78790c3ceaac92bd1d84be,"{'ly', 'il', 'li'}"
d233633d9524e84c71d6fe45eb3836f8919148e4a5fc2234cc9e6494ec0f11c2,"{'ah', 'ra', 'ar', 'sa'}"
d0cb58d4d6ac665b624be38e148250f7f2185fccecd270c3ff21d3efbd17a5fe,"{'ne', 'el', 'll', 'ie', 'li'}"
e8e9689deac5bac977b64e85c1105bd1419608f1223bdafb8e5fbdf6cf939879,"{'ly', 'il', 'mi', 'em'}"
c9197fb972feabb8a87dd4fc5b1fa31427a4769cd25d26d7522c7969b70f61ab,"{'ab', 'be', 'el', 'ma'}"
fdee430d40bd57deeac186cd9790033d0f06f909a8806e7ce6e717ab7c7d5029,"{'da', 'ad'}"
07356e8a472bca7eeb7a79dc0fe9a27df6d1d19ad82caee2bebc122463a1d42c,"{'ce', 'tr', 'ri', 'at', 'ea', 'be', 'ic'}"
f4cbd73e7e638b953055c0683f5ecd89668a7164ce766ac7751d69e6eb89d026,"{'or', 'ie', 'ri', 'rj', 'ar', 'jo', 'ma'}"
ee4d988c65de860fabbfbcd27f73d50bbebe3fba37fe419284f4811389c30bdc,"{'ay', 'ma'}"
618d663af0f1ec88a5a19defa65a2f80d06582a832510b12f475d80870bdb3ab,"{'ro', 'os', 'se'}"
fa6598317163f260c9f3bb0959f80974868eb5ff3f6bf80a092f54e042071aa2,"{'iv', 'ol', 've', 'li'}"
44e5bf55761da5636a92efd9e8cafe3cf3454d9799b09826406cbf7718ed2676,"{'ly', 'el', 've', 'ev', 'yn'}"
be74ff939e5b0726657bb372b4a3b63e844f93cdd444f6d72bb7019c2de7c896,"{'ph', 'hy', 'is', 'yl', 'll', 'li'}"
3fcdd536f10a79ffd728da453dcc48178d9a44d0101096af473612e3117ca82a,"{'ud', 'ru', 'tr', 'er', 'de', 'rt', 'ge'}"
9d82529905cccc378c5b93cadaa0e57869d4da07916c8282a4e98a22c8f6a39c,"{'ne', 'at', 'in', 'er', 'ri', 'he', 'th', 'ca'}"
37742e00d990d888da9804734e2d3260f45d3c0c401d4fdabdd89759581ff3c5,"{'gn', 'ag', 'ne', 'es'}"
01d027f99c658a86308f5ce4a721933a123462294983951e262d74e5b2dab989,"{'si', 'je', 'ss', 'es', 'ie'}"
46b6f0ae97088f7259ea1daf97deba6535971584da62c71874287406b980fd79,"{'fr', 'ra', 'an', 'ce', 'nc', 'es'}"
e010fd1ce1acc173e3b4835b7635f8d4600d774869102adb5cb7b5d7895649ba,"{'ra', 'ce', 'ac', 'gr'}"
c30d8b13bcc759e8b965c2e3406e850caf074147f084c57b20e6aaa987e4f458,"{'re', 'ir', 'en', 'ne'}"
02b15ef87562676a8a42f33af9a0ca6aa11e491abda98cec24e4eded61ffa78d,"{'va', 'ev'}"
742f7c2a990c83583ef92f0f6302d6616930473f2607be950b367ef8ccb4c23c,"{'st', 'ns', 'nc', 'ta', 'co', 'an', 'ce', 'on'}"
b1ae64e29908e5f8cd8fc70df3ed92d83ae33debf74468e0565f352855913f41,"{'dn', 'na', 'ed'}"
81f8f6dde88365f3928796ec7aa53f72820b06db8664f5fe76a7eb13e24546a2,"{'an', 'ne', 'ja'}"
1906bc7c801f03c41551b06e2fd406e8f471787c51357e8731ec61dd599f04c8,"{'am', 'my'}"
c7f6d322bc205f26de153999e8d923b63b9261ce34bcb0ef1b9c711f843e05d5,"{'ra', 've', 'er'}"
29c0cafbbedbf9b55d1c9d6bb8020e57e69bf270ef350f83aa1f14573d169be2,"{'el', 'ur', 'ri', 'mu', 'ie'}"
42029ef215256f8fa9fedb53542ee6553eef76027b116f8fac5346211b1e473c,"{'ai', 'is', 'sy', 'da'}"
bd5cff650821e43fd88ca5f9ade0e8b1987ff0d4288e511c941c7d241887a78e,"{'ni', 'nn', 'in', 'ie', 'mi'}"
47cd7dd52abc74f798c6f36a3ff2f6df0637431418c8f5373b31ce7a19d98183,"{'ud', 'au', 'ma'}"
dc99e9aa86fab83a062cff5e0808391757071a3d5dbb942802d5f923aaead3b4,"{'uc', 'cy', 'lu'}"
f4aa0655cdb8d4fcf6f719c7a786de10556783c70bfb8ef1d78923482fe6ebbc,"{'mm', 'ma', 'em'}"
cd0299854a830cfdbcfb7d6887ddb636c09496099c873f6ce5496aec9c3f044a,"{'or', 'an', 'el', 'le', 'ea', 'no'}"
afbdbfd5b8fbcb65f17a112222b82176077ab234cde34d4062138365951642fa,"{'ui', 'sa', 'lo', 'is', 'ou'}"
69db31976ead37b85cc42a49c95fd06eec99cfd9b7ff219a25c0f59cb4049343,"{'or', 'ra', 'do'}"
b21ec07effd3fe307782e2a1782ae771e601b303cef1548723a76c539f98f383,"{'or', 'no', 'ra'}"
017afcb8a8743417ad069311a7a29d712dc21065246d90de9b9aaeece1575070,"{'ne', 'gw', 'we', 'nd', 'in', 'ol', 'do', 'en', 'li'}"
80c95d0e9e710a56937209d81da3043b5dfed8174bb6acc01e334ecaa6408a97,"{'he', 'el', 'en', 'le'}"
bb6b24bf13999272b27006f7711965f77861a326a30b43b9b1852a500ad68ac7,"{'id', 'da'}"
7814459b3f23f455e4e9bea9c80508ef91609ef4f42818f1167836583bee3c6d,"{'cl', 'la', 'ar', 'ra'}"
fc881aa34d44660e1012dec26ccda0b469d6c8359e91dc674dab4c095b9fe832,"{'na', 'an', 'nn', 'ah', 'ha'}"
90b8de4051f02b7a29484341f3a903e1b2c6a233f5465e19c634535c7b315e6f,"{'an', 'ne', 'nn'}"
8a0adf0fcd282869eee78b232d863d3ad8c15ca6412abf1adf217011a3eacb16,"{'or', 'no', 'ah', 'ra'}"
2c249473aa501c43f154cc5bd2332c4c5ab5281cdc7c22ba049724882eda25f7,"{'te', 'at', 'ka'}"
7dbef27a673fea6454664f4fbe9685f3bc3cf1813eea89267bc99641e4d59517,"{'ma', 'ar', 'th', 'rt', 'ha'}"
bdd8771653c35224300ff4c401cb3dbe774ed149bce566181538f723bfa81e6a,"{'be', 'th', 'rt', 'er', 'ha'}"
0aead8727b6b1a5f1116400c7136de097e070561598b1e75030361f959e232c9,"{'ia', 'an', 'il', 'll', 'li'}"
49915e0d7d4b402e3017d010bc1c0e83cac6c797d6c16e66340fe3268693a6a1,"{'an', 'nn'}"
467ef766006264233bc791aa57ebfbaa88a4daa3a5ebf7158a6d10ca03233911,"{'on', 'ri', 'io', 'ar', 'ma'}"
f74fc122ff882a4fb82b72d8f48c164c4afea0d5d789351720ccc141da54194c,"{'si', 'ss', 'be', 'es', 'ie'}"
59cea62bbdfb4dc0ccac8a9b92f35bf8b4d96762871626956217907c09fc035b,"{'le', 'il', 'ei', 'en', 'ee'}"
5d702eb07928ed7b84626b777c86c39bf4cb403d4024f031d5f97a4b0664421f,"{'la', 'ur', 'ra', 'au'}"
8dfe4b3e06719fcb3d457ba75420ae124e9261b8a2ffab9b02b6ed488036561d,"{'ld', 'dr', 're', 'il', 'mi', 'ed'}"
79fe4c43a919209a10138fab243ac8e28a2b23208e16c1a1108d6913fcdc674f,"{'ut', 'ru', 'th'}"
da2da8e71c82b18aaec0e9dcf817ab09481a8b55061066f011b3e38188788f65,"{'ab', 'el', 'sa', 'be', 'la', 'is', 'll'}"
4a2b5e1822ca11588586eb912320817f3cf0c11cd5ec8937e78a8209505f4e84,"{'te', 'rl', 'ar', 'lo', 'ch', 'ha', 'ot', 'tt'}"
a8c33e6ffbdcb11c67d4061ffed5780a894581b0b8ef67226b29fa2cabd537f9,"{'st', 'he', 'es', 'th', 'er'}"
b9138194ffe9e7c8bb6d79d1ed56259553d18d9cb60b66e3ba5aa2e5b078055a,"{'ub', 'ru', 'by'}"
f1c072414387df13649fe3151d9b6c96ac1de1ea9dcf16e1c7b112d6daa9c8c1,"{'ri', 'et', 'ar', 'ie', 'rr', 'ha'}"
c6d17a3613b9914e68707fcfac8410f097643bc5840681bb533030d73cbb18f8,"{'ar', 'ie', 'ri', 'ma'}"
94aec9fbed989ece189a7e172c9cf41669050495152bc4c1dbf2a38d7fd85627,"{'ia', 'ar', 'ri', 'ma'}"
05c5f6ef21bb02be3db6d066c4e822e07ef75b2f85241333a7cba5dec74e2d33,"{'ro', 'ne', 'in', 'ar', 'ol', 'li', 'ca'}"
4da860a59a46e88c2b71a71baf7a2e2d0b2b42c583ffb04e8f0f671dfd0b3493,"{'ra', 'ba', 'ar', 'rb'}"
833dc869548f1c4cf789a9fed733def2aae92697070cb31066b883ea6f91d4aa,"{'za', 'el', 'li', 'iz'}"
cea10155179e0e08b37022c199cfde50b1bd9c2bb41a47949352f275207d488e,"{'ro', 'si', 'na', 'os', 'in'}"
f0d9991c5e47e0d26a350c1618bd3154cd0f9f2461d3df671a753c393fe7a6a7,"{'ia', 'el', 'me', 'am', 'li'}"
bfdc589cf60cc86132cfe78da99092c2601432d6ba138ae674941a64c8941852,"{'fr', 're', 'da', 'ed'}"
3a06acb323f3886311f216e273194f79f8445683f57b34fbd7cfec79d2084970,"{'ll', 'mi', 'ce', 'nt', 'il', 'ic', 'en', 'li'}"
0c081477c9bcc99ed2f0b1449dcb034db402ab44c5a73faf01e75303a31f3a64,"{'et', 'an', 'ne', 'ja'}"
39c824dcac73d365d300430ea0592b492039d46089752e53ee3240ee75163d18,"{'an', 'fa', 'nn', 'ny'}"
d2dae6d1b4625413eade8cafcb06d6d000fdb57d963fc3c5c497084d42288319,"{'an', 'jo', 'oa'}"
358a3cd454c38404d1162e39500b2fca02ee644c45bc5a886af173579c1e9549,"{'ly', 'di', 'ia', 'yd'}"
47612b3175fece07f6c3e91992412c5b16ca88a9068cb72fecbcf653eb5ffcd7,"{'is', 'ir', 'ri'}"
446acc36bce9a33c2e19f0205c0a94b8a35955814b560532b0ecefbf90a6d055,"{'an', 'bl', 'nc', 'he', 'la', 'ch'}"
263df4565e2ff1a307063e087e68d88190ad01ae3dbb164aa1e8ec6781b9fd26,"{'ia', 'ir', 'ri', 'am', 'mi'}"
4ff17bc8ee5f240c792b8a41bfa2c58af726d83b925cf696af0c811627714c85,"{'ea', 'je', 'an'}"
972964b66bdfe6b5b181c5112a6a0470204f64661ee7e3efb9aab0ce3cc403ff,"{'ra', 'el', 'he', 'ac', 'ch'}"
fb2cb45b6b443241e38145b6445a6e0ebee0410d19e71d9fd0adf5fc382d49e5,"{'la', 'el', 'll'}"
1d5c3d9e36631b5fdb232d07e14bd763c4b87e9aeafbeb8e60afd83e9ea17b61,"{'rg', 'ge', 'ar', 'ry', 'er', 'ma'}"
93c6b09e0fc292a99a2d60d862f484b66c8709f78fd3a30ceaec6422a2197824,"{'st', 'ti', 'in', 'is', 'hr', 'ch', 'na', 'ri'}"
1d78b370ad96e7a8091888d902360187bdea87ab6a4af003ec63c791894513ec,"{'na', 'an', 'cy', 'nc'}"
005195352c13e18429414c8b36a4047fdcfab8bb3a1aa1aa19d5ff26010c754d,"{'yc', 'jo', 'ce', 'oy'}"
061b67d6e7ab579da2610e27e631aa4beda1ffe75c0a1b3f3f1c0b97780b4052,"{'tt', 'be', 'et', 'ty'}"
c42c0e10d4bc71284f959e506f3e9b2dfa6efd67bd0bbc1e33e1b2da3ade9936,"{'or', 're', 'en', 'do', 'ee'}"
93dbfb11695aabd44619dc641792a4dda59696e77188eb34f2db3138dc17ce4a,"{'ia', 'lv', 'yl', 'vi', 'sy'}"
56f09d7fa9eb77b92c741dd19409c0152ba19b22e0cde3bfa1e66970f8eeec57,"{'dr', 'ey', 're', 'ud', 'au'}"
b6564e12882d39b1aa5765403c61f0c0ccf8e06a72e9877b17f59c51a3bd5c03,"{'id', 'br', 'ri', 'et', 'dg', 'ge'}"
841b0a99ae6eb34dd54ffb900237c7180787c3c545c757c4527f3cd8d5f850a7,"{'be', 'yl', 'ry', 'er'}"
da4f019c5c9296b346884a6e735342f110efa06bd19f92d5d16f7b73b23c6bfd,"{'id', 'ni', 'en'}"
aec0e78824de1205cf98384780983c6f2b7c03f8a6e5036a508ece76f1b3c5a7,"{'hi', 'ne', 'os', 'ep', 'in', 'jo', 'ph', 'se'}"
d86dc6e60b0632e30f2a78abe922c238e913dd5c74f76df6dc935f1ec73a5df6,"{'ia', 'tr', 'ci', 'at', 'ri', 'ic', 'pa'}"
2f8a0c01f668bca73ec51c0d8da77d419582347055e99d5d04fcf73b47bebced,"{'pe', 'gy', 'gg', 'eg'}"
8d20e19b8fc57df7cf425bb96337dd498403f13124ffc22bcd1cba5d9e8445d2,"{'sh', 'he', 'il', 'la', 'ei'}"
94dc354ccaa14e47b774467966de2b443e428ae8ed4849d4e423fb387463d9a0,"{'br', 're', 'nd', 'en', 'da'}"
cbbcacaf0d582e760874a68b44c572218102a1d24fa262b00dc7f090c7257302,"{'el', 'me', 'am', 'la', 'pa'}"
9d053755e078005ef63af6258f5a743994a11d17daca304d49dec6c3ded3fba8,"{'ze', 'el', 'az', 'ha'}"
7281ac5300c2836c027ee8b6cd827bdfa0d867e0ab715771ef1378d8c536fd79,"{'da', 'ne', 'ph', 'ap', 'hn'}"
ae06995ac4f88b7a97574efc57fb3ccc63142150b93d25bec60dd6b4434350c8,"{'ne', 'ul', 'in', 'pa', 'li', 'au'}"
c5420b43786b20f6cd116002a483b128e9d24020852c5e1c53731e25f40217f0,"{'ta', 'it', 'ri'}"
c0fa1ef864788c455b22e34d6b11eb282603eeec08b2b10d38c37683ef46952c,"{'ju', 'ne', 'un'}"
f9860d4c1fe72330e750bb2a1310337fc35022f31a0c625fd792930f4dc3e00c,"{'st', 'te', 'el', 'la', 'll'}"
1a1ba90ebfaa6411260215cc0cc80965e5dff04123b9e0bb08ca69021f6abf71,"{'is', 'av', 'vi', 'ma'}"
4643768fa07cfa6e1b8f326d99210ac0a3fd49fec3c64a85745036002b92c3b3,"{'lm', 'el', 'he', 'th', 'ma'}"
ca0b642ed0c1c9902c3e9c8ac00865e0a9cf6449f66012e1c6948b66818f26ff,"{'ni', 'on', 'ca', 'mo', 'ic'}"
cf43e029efe6476e1f7f84691f89c876818610c2eaeaeb881103790a48745b82,"{'lm', 'al', 'ma'}"
5e608d7beca7513cab18e6a396ea894f2c5466379dcc1e3888cc23d685aea600,"{'st', 'ti', 'ne', 'in', 'is', 'hr', 'ch', 'ri'}"
c7fe3e1926d3e6fb7f64a2cc84accf23333aa53b9cf33110a42faa611716c6ff,"{'au', 're', 'ur', 'en', 'ma', 'ee'}"
f5b1f644f7c128b6522f2f49b300557655c5f2db68ef110729c9de88b7c5c0a9,"{'ro', 'os', 'se', 'em', 'ar', 'ry', 'ma'}"
a832e6b2ee33c8e0c1a9e77bb4e9dd70bd4918ada3aee036b589efe69182c30d,"{'yb', 'il', 'sy', 'bi'}"
4c2af77ab7d1edff238c4b49c904acb8443b661000ead0fa44604e17c493f7cd,"{'hi', 'ey', 'rl', 'ir', 'sh', 'le'}"
a2114e464a6b56701ee1ac601abd50b761c30c1a17a5313395089feaf9304812,"{'va', 'al', 'le', 'ri', 'ie', 'er'}"
8d3e0bf685d077784de23e1c217de5c5d8da4c0200d7c86df6ff607d9cbc6959,"{'na', 'ri', 'in', 'ar', 'ma'}"
f815dff6b32cc63312d731737aa5249f71072a9ac404ac3fe4109cac30dbd1ed,"{'or', 'no', 'rm', 'ma'}"
3910df2fbded45107cc2e45237d1b0270374d7ccc0d48de2c986885aa162e38b,"{'hi', 'ia', 'cy', 'nt', 'th', 'yn'}"
a024f642d3115a27d180c7babb30ce0eb5e15c0b171aa440466374ff6e2206ca,"{'ia', 'an', 'il', 'll', 'li', 'gi'}"
879d13f4257efdfd8c0c2731934ef109d5d5b2797d304d58764cc3f2de74e27c,"{'ne', 'nn', 'on', 'yv', 'vo'}"
ec52e16ec05fccc1ca4c9f9be714fb45e4fab9649e64d82e3f8c839cb9118e98,"{'rl', 'ne', 'le', 'ar', 'en', 'ma'}"
1b2fc9341a16ae4e30082965d537ae47c21a0f27fd43eab78330ed81751ae6db,"{'na', 'di', 'ia', 'an'}"
9e88b067408182d0bd525120e9ba2607e19b0dfa17b48582d2d405fc52dc4a1a,"{'te', 're', 'sa', 'es', 'er'}"
82d3042b941378bc994b8c2596fa69e4370bd2cb5400c4c043c996dc197fda7c,"{'ro', 've', 'on', 'ca', 'ni', 'er', 'ic'}"
79a6a933dfc9b1975e444d4e8481c64c771d8ab40b7ac72f8bc1a1bca1718bef,"{'an', 'el', 'ng', 'la', 'ge'}"
9ce8db922a8f4a7abd859adee70bd8b7a63321265487da54cf4bed6a69eb3e1b,"{'je', 'if', 'nn', 'fe', 'ni', 'en', 'er'}"
fe268b3259240bd47ff4b18e412cdb6d3e451e87f9e88dcfaf9c926d8e8b99a6,"{'ia', 'an', 'ri', 'ar', 'ma'}"
8cf37351b60f00084392043ce2e6256b96cea92949f90c7abce464cf164fbfa6,"{'il', 'll', 'ji'}"
962cd22346a772beb97a793d2680b0f518615d9de049ce34079d625fbe938f4d,"{'dy', 'en', 'we', 'nd'}"
b113405b6f9114b2abac7676f6868df33b0dde53f2e0ddd0f5340392563ab5f3,"{'jo', 'oy'}"
b31c358d21f3e3c1a55d7daab90c4f3ae16ccc5d877d82f4819c30ead40f790a,"{'cq', 'ne', 'qu', 'in', 'ue', 'el', 'ja', 'ac', 'li'}"
38bc14a268a3da3ecf3db0c08a82726c246193ba3e964c9165690e17fbffdb88,"{'or', 'ia', 'gl', 'ri', 'lo'}"
f6f7e983afc59354c91673d637c22072ec68f710794f899ae7472dff7b7508e4,"{'ly', 'mo', 'ol', 'll'}"
a0b7c245fab334467e9508386bdccbf953957d01043ec043da915ad993766a48,"{'he', 'at', 'ea', 'th', 'er'}"
c4c77d8e745a02baee77f4edfbfb8104718030842dc7342b3b9abe44963c391c,"{'di', 'it', 'ud', 'ju', 'th'}"
b78469618fb15871b9508defd1ff70014747c1f918e4185425c5f2bbea2a4e5d,"{'su', 'us', 'an', 'sa'}"
4c26d9074c27d89ede59270c0ac14b71e071b15239519f75474b2f3ba63481f5,"{'ro', 'ar', 'ol', 'ca'}"
83ed5207a41179600b50c409a460cfc229c60cb91bf06480d705c923c864e501,"{'dr', 'an', 'sa', 'ra', 'nd'}"
6bab3007f56e2a9175ff1222c2654ddcd08fa7981a1ddc42f1d95cfbd80ede47,"{'da', 'in', 'li', 'nd'}"
b3252bdb4f2160a89f4e8e0ba93592998c26c7f2431a708f98a17ec5656ff996,"{'ro', 'le', 'ar', 'ol', 'ca'}"
ab3a903f4bc80a359f6b12c910b75f94eb134b4cad6c805ef7fac014ccd1a2bf,"{'di', 'ia', 'ne', 'an'}"
62228e6f9859b7298a5fe862ab0ce1275bc2bd046a9308a2102968196be803d2,"{'an', 'ja', 'ce', 'ni', 'ic'}"
befd812b4e37a441cacaa4d020568564278728d7361024b194c11c08af7ada2c,"{'ai', 'ne', 'el', 'la', 'in'}"
dc5321cfe2b29a8856229f03b89cb5c597c5b19f255bed7dc888f0867b25c78d,"{'ly', 'ri', 'il', 'ar', 'yn', 'ma'}"
b8a6cab2f36a36432029e2656683f710161e887fe5f097ad6a4631498e05af1d,"{'ey', 'sl', 'es', 'le'}"
d464dd9cf16a82bcf6c65b9621666ada896526456a3d80606063f9b6d29bd0bf,"{'hi', 'il', 'la', 'ar', 'ry'}"
d277670919a94ba361be1887d39852c3f31d7eed817343cbb70fcd8910841f86,"{'ju', 'ia', 'ul', 'li'}"
ac7a89c282194aa6fd19ee0916325e2e5a7ccb0635056a2dcbcb084bc1f71fd8,"{'op', 'ne', 'el', 'pe', 'en', 'lo'}"
df1501fc14de6326b08740dd35a332735b06633a2dab1024e2728f2601bcc2ae,"{'ly', 'yn', 'da', 'nd'}"
853dbc39c711e07347cfb240f4dd4905f3d2d83e5a14397030449f3737face9f,"{'te', 'tt', 'je', 'ne', 'an', 'ea', 'et'}"
e1f3c7a127733502613cc17ce9577b61b69411937ea6e36770b8dd2e89063798,"{'ly', 'ro', 'ar', 'ol', 'yn', 'ca'}"
000e02e40e441be798211aaf86d037bacd3dedbc8a6318ca5f9a5c72ad52ffbe,"{'ta', 'an', 'ni', 'it'}"
bc12b8f31ccdb4f7e89f96e080a823c23bccc8f2969cfeaa5667b64cc1dd8a76,"{'ni', 'se', 'de', 'is', 'en'}"
cb93b9e2a8713d622ec3f44c646dfe16b84f41f115ce933d0600771b7943b417,"{'ay', 'ka'}"
9d60a53f3114d72c78b8f9dfc90e12df4dc883953af961abeb80d69d0619f75b,"{'na', 'or', 'eo', 'rg', 'in', 'ge', 'gi'}"
97897a111d485af1048bece173d2980a15870ca079281b79c7ca755356847602,"{'ly', 'al', 'll', 'sa'}"
c1e535b07040ab8e312a5fa52f0588fa1bf6792d0e0543ba11ef820ee96e60c1,"{'gl', 'le', 'ys', 'en', 'ny'}"
b025079c90813d4669136b2ed07512204ee05522ba3e647935f1a88daf00fd43,"{'ju', 'ie', 'ul', 'li'}"
104f75b18b5de3f19b200ca9cb8cb8dd95fbd1841f8db6a820bb60efeb27be24,"{'iv', 'ne', 'vi', 'nn', 'ie', 'en'}"
f6e1c43062056d44e216de6174c7222959d676587aa451ceaaf671fc694de018,"{'ld', 'di', 'al', 'ne', 'in', 'ge', 'er', 'ra'}"
1502fe3254c08a797a35078d979660fb66a51393dec732df85d8fd284521ecea,"{'ly', 'yn', 'nn'}"
904294d8c54b1c63e40832fa1d95bcde534b310df6d42882ce4baf28f3e0184a,"{'re', 'ar', 'en', 'ka'}"
ecd7605ea51a43fcc03564c0cbca93b5f02327601585df392b05f8073c6873d1,"{'ly', 'ne', 'yn', 'nn'}"
fffc563b0002130a9502f9e89eceae8558291e4100dd95cdf5e86c37d2214ae2,"{'ai', 'or', 'ra', 'ne', 'in', 'rr', 'lo'}"
ecd18c6a66631988cfa1ef186b61d729c1430c3e1a2503c3d83167a6d95f7b95,"{'al', 'on', 'so', 'is', 'li'}"
591e94c45b4cb95db6c585bdfe89908bddcb7d27b5a2821e139f2bd950c20006,"{'or', 'eb', 'ra', 'bo', 'de', 'ah'}"
2c769f9515b9d52af9ce9c802ae6347379ece479943650441bf7aa7bf279711f,"{'ka', 'at', 'ry', 'th', 'yn', 'hr'}"
56e1239485139d3d0564c10a8cb8e7dbb6c75b2d744d49073d07c4208f7b7941,"{'ro', 'sh', 'on', 'ar', 'ha'}"
8a81e9a2dbdc9ccf4ac5091a8a3458b529de766c3320138cf1f9708e537afb01,"{'te', 'tt', 'an', 'ne', 'nn', 'et'}"
4f0a16399623bb595c939fd6909277026e926112c69d8ffd35762a0aa4c6feb1,"{'ey', 'rl', 've', 'ev', 'le', 'be', 'er'}"
92414ddf930db4d43c0a5159ab1574cd7a94e879013932f70c637a32859eddf3,"{'ai', 'il', 'ga'}"
d2a662047a6fad77347b676dedf6755cedbfbf8aef67cae4dc18ba53346577b5,"{'uz', 'an', 'ne', 'nn', 'za', 'su'}"
52e8e47b38e854580afce4aade15dbd5ce0c0464da711afe71da123687d5a4cd,"{'an', 'nd', 'am', 'da', 'ma'}"
8326e09ce4e90a419a510ed74895cf6713f2fb42b0b3ffc126527ec2b9e95872,"{'aw', 'da', 'wn'}"
d85135edba8dcf03d17144a635d198b461fb36cb5f34fd689bb5c6738911b20d,"{'re', 'sa', 'he', 'es', 'th', 'er'}"
55579b557896d0ce1764c47fed644f9b35f58bad620674af23f356d80ed0c503,"{'na', 'an', 'nn'}"
4c0db82499ca9a6d65c396d1fbb8e77078e315bd8db0e9476a88cd244aa76ca6,"{'io', 'na', 'on', 'fi'}"
9c0e126a9f0375702fc470f76553b6d09047271297fc6ca114e56b0120906f5c,"{'er', 'he', 'yl', 'ry', 'ch'}"
53465e3dea0f3b0916bd4a97f961c07e33e5462213f1e51fef297feb5c14bdde,"{'ly', 'gl', 'ni', 'is', 'yn'}"
a1df6dffb5e4869e2f750c4121219699b9f6d748d16b7118494d1f7dcf1585e5,"{'st', 'te', 'ep', 'ni', 'ie', 'ha', 'an', 'ph'}"
c9ae5a10ae8824d79d22c3e571ef302f5368e51afa1f551b374f06cbbd682410,"{'ol', 'la', 'ni', 'co', 'ic'}"
5f3d6952c5c5e22077fabf461de80f1ce475752fe75afcf5ca46bac438405619,"{'dr', 're', 'an', 'nd', 'ea'}"
73f91b8e33fa0f6931d3872a012785b54373c1c3712dad952a11d631d873c569,"{'ey', 'ra', 'ce', 'tr', 'ac'}"
b1efc77a39364d74c235222399e56d46bc1bf795e6eb1c39887a424cadaf5357,"{'cy', 'ra', 'ac', 'tr'}"
56363e580521c95f28b87d0fd1da302f0d5f93abaf0f8f4e60c16640df6205e8,"{'an', 'ne', 'nn', 'oa', 'jo'}"
01621148306fc8fb7c2b95eeb5c37e375f90db53cf8313ea87c9c34c05b7e0e5,"{'el', 'le', 'he', 'ic', 'll', 'mi', 'ch'}"
b740d031521c59652486548d84bfcc1bb66b8dd2b0d5f1c392f476bca11f9e0a,"{'br', 'de', 'eb', 'ra'}"
0c086cdc772aa579506fd17a735af6e7d14db0ad1d49730c301e007c3e663d36,"{'la', 'pa', 'ul', 'au'}"
ed62c6fd9f1b99007f2f0e108e1c5c97184fa69f3c43feb8038b389d80896476,"{'na', 'nn', 'on', 'do'}"
eee9e0172bbf5a80265c631143abb58c37f3cb91f91a099ce70246045e818328,"{'ui', 'se', 'lo', 'is', 'ou'}"
a37c36f0e516abf8d53a43085a56f9e24343c6376304f61d6b000650160a4f29,"{'dy', 'an', 'nd', 'ma'}"
d148bfa1bbe1ce4635f6bc654de582708d6efff9815b4ed28bd49b688830d194,"{'na', 'in', 'ti'}"
766405c9ff5fa000e845ac29f1047c5d01003822c0193c3a1364183211dc9db5,"{'ne', 'ja', 'yn', 'ay'}"
d84fe7e07bedb227cffff10009151d96fc944f6a1bd37cff60e8e4626a1eb1c3,"{'is', 'li', 'sa'}"
c4cf94e75b6067e81d73250448a38c1030abfdd4b801a5b2e02559b2adddcbe9,"{'ai', 'cl', 're', 'ir', 'la'}"
26ae784d194a5760464348329af4eb9fca2b27bbf823742c968a61543e3a1153,"{'ki', 'im'}"
dfef5e53f9848472560a3e680a310d097ecc75919740646df38d31cab7aa07ac,"{'an', 'el', 'me', 'la', 'ni', 'ie'}"
7edbd4be01be15bc35b93ee4e1809f48a9abbd5b1b3dad612243a49ea6412057,"{'cl', 'la', 'ar', 're'}"
f5be4b62e1c45f6151b247dcae513da8a91906942535f0e2c232bf7efe4750bd,"{'ne', 'at', 'ka', 'in', 'er', 'ri', 'he', 'th'}"
3a6d64c24cf80b69ccda37650406467e8266667b50cfd0b984beb3651b129ed7,"{'ra', 'ar', 'sa'}"
5487d9e0d16f14a978c829697818b14aacc911ed4ee81bcc32b4c5a0bebcd578,"{'ne', 'xi', 'in', 'ax', 'ma'}"
ecbd105358e381d778dd0173cd6a6db10f2f136e1810797c212b483fc42a02a2,"{'na', 'an', 'nn', 'oa', 'jo'}"
548a39619a812e451be4ec19229bafffbab2cccfd539c8b1e430de93edd25716,"{'eb', 'bi', 'de', 'ie', 'bb'}"
208ad55e4c4200ca42a73ab260efd6df57efccc95aad25fe4d1f378e23a0acb6,"{'el', 'le', 'he', 'ic', 'mi', 'ch'}"
6bdf0b2dfc2e0221960849943e884b3d4c6baf7cd25286caee29b9737ab3a343,"{'cc', 'ec', 're', 'eb', 'be', 'ca'}"
c5422c052bfbd7bbd9764e0467688b62193fec4fa32a1b13af28d1708d5870ec,"{'ha', 'an', 'nt', 'sa', 'am', 'th', 'ma'}"
ab1cb712f2dca756105160805501f4d6d8657d93d40b16eee4ecb5fd048d26eb,"{'or', 'ia', 'ct', 'to', 'ri', 'ic', 'vi'}"
9d017e2681b7f31725e1c0fbe2612e89079c22806b02cf7a894b500dd5a219c1,"{'zo', 'oe'}"
cb6cd590e92c2ae5427994fe3276673899e1143a89f25dad9dd5393c2389caff,"{'ke', 'ry', 'rr', 'er'}"
4ca6f6d5a544bf57c323657ad33aae1a019c775518cf4414beedb86962aea7c1,"{'ly', 'ke', 'el', 'll'}"
cd879f74c6ffe6e4ae973145798ca26489fa2a61f7b29ac5fd816c0ad959511f,"{'na', 'al', 'at', 'ta', 'ie', 'li'}"
a40fea3a72a41543a4d0b9ff2cc6734e04409c563f3c413220e7f33c35b7a590,"{'ha', 'ey', 'le', 'yl', 'ay'}"
d334cbac4bb3f242dfe5e11a656333345ce05c8409bc347be201f2447e14b480,"{'na', 'sh', 'as', 'at', 'ta', 'ha'}"
219c7cdbedac43d32726742c274c52d064fc9f4cf963b68b0f2fa8384051169a,"{'ra', 'ae', 'el', 'ac', 'ch', 'ha'}"
e61f7ced5002b4b809522da1ac824ec11d1288106d6f734b4f1316f14734c8f0,"{'st', 'ir', 'ty', 'ki', 'rs'}"
a051e62c16c385ab646c4161a67a338bc8e7efdff2c797e53fcdb72b9fc2b4d0,"{'va', 'an', 'ne', 'ss', 'sa', 'es'}"
3460eb8087523e19ac486f37fc68192c2dcd087814a2a9c9ad6b668fee3e0134,"{'ie', 'ti', 'at', 'ka'}"
c80194cefba53b4a38d06e32f555e1c745038550992744a876ffbe495f4f93e1,"{'xa', 'al', 'le', 'nd', 'dr', 'an', 'ra', 'ex'}"
4f183cf85e045f536c0465703371eae125546f5d05b5d96ea043c88cc2e85728,"{'ch', 'la', 'ni', 'ol', 'ho', 'ic'}"
5e0176c9d2070a5a2a22bf74b4abed303654690d58d64221ccbd022af827abc4,"{'hi', 'op', 'ph', 'so', 'ie'}"
05a331a7f4f1929faaca289a66f98d5a05b387d9cbeb4f8c2dd8204a6b023a14,"{'he', 'id', 'ei', 'di'}"
4ab17eebd8ab6696a0cc3ccd69e4aa2818911e5800b0ff335bf2fe6d2c11cd23,"{'ta', 'an', 'ya', 'ny'}"
4b493fc85b64fc1e6ffe2965d8a82a11810a8a9d5a76c1f43a8a6ba974e2ee94,"{'an', 'ne', 'nn', 'le', 'ea'}"
42570c45c81fdb5d1964f9e7aaead823df063412a3ae28ddca46dadb25bf6282,"{'ta', 'ra', 'ar'}"
e228188027a6616e1d2ff510d6738917c808497ed7a78197121c1424420fba9b,"{'ai', 'cl', 'la', 'ir'}"
b90d33f2b12789d32691050a2083be28eb99985601a1f1a72efc9232e49306fd,"{'ia', 'so', 'ni', 'on'}"
9ad241dcbf432e7b773cbd74812bb05a53418a1a385b304daaaa273947eaf544,"{'ey', 'se', 'nd', 'ds', 'in', 'li'}"
3fb22a5597fb91ee4f9abbf30ea69d318be150e0fcf3ca1db8ca334b520d2894,"{'mm', 'ma', 'ge', 'em'}"
e5d503d4582229c4c9abe250e49654765c885eb49bb49df7f1861bb79fc7346e,"{'an', 'el', 'le', 'll', 'ni', 'ie', 'da'}"
f9846d74a1137294b0ddf8730300a44192b0745e6233821733ef34f7cb9526a7,"{'st', 'ey', 'ce', 'ta', 'ac'}"
b918c3f9116ce3a61efd71a1bada0d46c8f575283ce5d5798454a4abfb56ae79,"{'re', 'ur', 'la', 'en', 'au'}"
e1fc45f7880e0505ff0b6a079b9af149f225e260f59b1d20225357a8cce8ffd8,"{'si', 'je', 'ss', 'ic', 'es', 'ca'}"
ae4cc7c447f33379917da274cda166fb9bfa4abcfe871673000e8c05dff82829,"{'rl', 'le', 'be', 'im', 'er', 'ey', 'mb', 'ki'}"
6e7e2ef0fbf160847f3a3f905528807e0dd6261d8020ce9ed58609b60e43aa7c,"{'na', 'je', 'en', 'nn'}"
2cfec32ebfe15be994c986bb65a5ea9ad1334dced01626ca20c24272f1416b28,"{'od', 'ie', 'jo', 'di'}"
dfc77aeeece4ee66a7d6ee64ec842688951d99095907107756fce64eb200908e,"{'mm', 'je', 'ma', 'em'}"
f4293461e288327cbf4c3ee1772c2c7e138bf5531bfb5d36ce35ed69a0c85b46,"{'ly', 'rl', 'ar', 'ca'}"
867417e00dd66c36596429f00517ef68e64c9759fbf416af29726838258b1550,"{'ly', 'ol', 'ho', 'll'}"
8def3bf5d78abb247b4829e87b52b10d79b1cd0e2aec529930ed692ee8d1cd2c,"{'el', 'me', 'ss', 'sa', 'is', 'li'}"
0706a932ea64413c8fc278b69a5beee895902704869e23bfb2f474a16500c6ce,"{'ty', 'at', 'ka'}"
46c4c923178acf98a9335791af273d4afd2d13e130e24672a753704ed854409f,"{'na', 'om', 'mi', 'ao'}"
89623921737742a919ee035f7dd57df1ebe19ebba477b916cb93738e02a368f2,"{'rl', 'ne', 'le', 'ar', 'en', 'ch', 'ha'}"
5db6810e7cf9ff073c275265cfed5712b136fee26d7281715196e55f36f00279,"{'de', 'ja', 'ad'}"
9f3cd8010f1d508e2c333d43a9292f2b3c287b4fd92a3297e1a72827bf7b2eab,"{'si', 'ia', 'an'}"
81c52b4457b4966544ec582f4e1e6d2e72ec7091ebe68172b2d4dc634998719c,"{'ab', 'ai', 'bi', 'il', 'ig', 'ga'}"
fbcaebefcb926027176bff9d66e266a50de140460873bfa9dba6165717a72ae3,"{'sa', 'ds', 'in', 'li', 'nd', 'ay'}"
bd034fa8bb69c3ecc914be82b5945eb91dea0e8d5d27702081d1b0424a8079eb,"{'ai', 'me', 'im', 'ee'}"
8813d406421e0063ef8ec81fc45170338b4cfd9547ee1ab157b90b46bcb6e2a7,"{'rl', 'ar', 'la', 'ca'}"
239127e09157cbafb6212123b102aa1103241946b3684c232c44b8367c3a4d47,"{'ny', 'je', 'en', 'nn'}"
5916d7de039e99571aeb213d97330558236f78f36475cdc9bf6c400ec108e7df,"{'ly', 'ey', 'se', 'nd', 'ds', 'yn'}"
e9afe405a099f4a6444d4492a371e398ca79a72502695c241e82ce049dfb020c,"{'ly', 'ey', 'ns', 'se', 'yn'}"
ec5c41c127a484ebc9cc0b3ca294254623f11588ef3c71a3a148e1b19fbb79dd,"{'oe', 'lo', 'hl', 'ch'}"
2db317222c996b6380f1b4f1102253cbec31685ef0ff4a71f665136bfa717cad,"{'ea', 'le', 'ah'}"
bb37067afeb4ee16d668eef073ca6eea4f3b4a1fc6c68e3c0b1fd01a5fb7f5ad,"{'on', 'ni', 'to'}"
af7c752bf81f575efe5ac39f7ab8c61a3668ff0cf7e950114194fa5267cc830a,"{'an', 'be', 'et', 'th', 'ny', 'ha'}"
68d85a0a124d90d9eea4b9e3b436db429c8223911d52076d70aef4b78d9686c5,"{'an', 'ga', 'me', 'eg'}"
b2471d941bf888366cf43813752ea2ebfef08254773cf116187cdd6d0463a50a,"{'iv', 'ia', 'ol', 'vi', 'li'}"
1c18bc2214f67ae19bbaa640fc776f5a4a38c4021d421cdd8cd3d2bcad23da93,"{'or', 'ia', 'eo', 'rg', 'ge', 'gi'}"
461f09556c26f2100aaac02b36fb3b73303bd9f884a937f7c983e1e5c1148a48,"{'sh', 'an', 'nn', 'on', 'no', 'ha'}"
dc1f68437c6fc4ab54da855326a832845672015ec2e2cc4e19b30870266fb6ab,"{'ai', 'ig', 'pa', 'ge'}"
b54a1af8b666f61c2dd5ae8f8a543133409fd28c3b78064c5db993bf2c8e77bc,"{'ol', 'le', 'ni', 'co', 'ic'}"
1ecd41c03ef78bd6daeaa6bb008896607a8413bf8ba6266be80327554b370a9e,"{'he', 'el', 'se', 'ea', 'ls', 'ch'}"
b1601f694b9d336c35fc456de5697dfde5e1b1ce4e8c40766fb6cb763aba91c7,"{'am', 'be', 'mb', 'er'}"
6d1c5859550824d403d8c31af9ac673b7ba206e6f87e61e096a017299f74d63f,"{'sm', 'ne', 'as', 'ja', 'in', 'mi'}"
e30b92ce7fe9aa549afaf8b5ac050a8d4409da57e7d5ce170ab23e829003a8e6,"{'ig', 'le', 'ka', 'ei', 'gh', 'yl', 'ay'}"
571543876c684a8b50a6980db3ae8f0336d573981fcf6c48759648e03d0c3092,"{'sh', 'ig', 'as', 'le', 'hl', 'gh', 'ei'}"
5dfd46e27a5e3e8e06fcb92817b0955f7fd28048f5003bfd4e5be8e67bf417db,"{'nc', 'sc', 'fr', 'ra', 'an', 'ce', 'es', 'ca'}"
19c15be23eac333b892560bfc72d4f8bc7dfc8a1634e628607a4adf3b9956d29,"{'ab', 'ie', 'bb', 'bi'}"
ef2af8d7a9663b18f3010435cfe4eaf2cb99c961915dd00d87d5f0ea9928ded8,"{'ro', 'si', 'ie', 'os'}"
027434cce1114811be52fa56af57a6550bda1c7777be20f4e51f4a6952574c72,"{'ie', 'el', 'll', 'li'}"
6cf6873c4b106dc0dbb19ef81fc02e8ec3c89d906417ce9c5f62654f81e0d83b,"{'ol', 'll', 'li', 'ie', 'ho'}"
7a70c52aacee63c8eae9850076eccbb85904ec738c13d846f656313fa84f3616,"{'an', 'be', 'et', 'th', 'ha'}"
6bf3d7f77d878d880a274272b6717bb4dafd5e147573060980ec2028d63ecaa3,"{'be', 'et', 'th'}"
a75a17819d684e8c24344b1b9494acfcf70f132955fff6dbaa79b8414d2d3a99,"{'ro', 'ob', 'by', 'yn'}"
801f924d6ed6ecb6356f9acb47d9b5ae7100e8be12a5dac983e22acbc809271a,"{'te', 'le', 'll', 'ch', 'ha', 'an', 'el', 'nt'}"
f2f8bd542ab11a7c4ce6bafbfd09c6055050bbd3efafe839425d3897b77b232c,"{'de', 'mi', 'em'}"
d92e06b325d24423dd187a0101924107ace8b367379b12c2b8608ddf843cf435,"{'ey', 'ne', 'tn', 'ur', 'co', 'rt', 'ou'}"
6e000746f155a44d1520de4534c0c596070d6f8377ba2233a4d1d65e5892d5e6,"{'ab', 'le', 'ie', 'll', 'ga', 'br', 'el', 'ri'}"
d5e7d945ccf8829e9b18eb3ed3b720ca2bb6ff1931a58aaa9ce8253913ea4139,"{'sm', 'as', 'in', 'mi', 'ya'}"
8fa67f555030ddc7b714e010692997ed8afd538d9d2282ba4a4c0bc5cea0705d,"{'hi', 'rh', 'ia', 'an', 'nn', 'on', 'no'}"
e798f61c76f63ea754fc19c98abca883ea5fac552c258d3b92f58e73fd6792f5,"{'og', 'mo', 'im', 'en', 'ge'}"
7065f96440b35fe964d1a57501fb0fab20eb326727c6da3be94e88225bd57947,"{'re', 'eb', 'ek', 'ka', 'be', 'ah'}"
333046d06ee498921370419b5a8ed7030f2d8aa1b8670d9fece8b81345d98823,"{'ai', 'tl', 'it', 'in', 'li', 'ca'}"
